ADM1_PCODE,conflict_diffusion_indicator
BF46,0.038997214
BF47,0.049450549
BF13,0.03125
BF48,0.075342466
BF49,0.137931034
BF50,0
BF51,0
BF52,0.084033613
BF53,0.019157088
BF54,0.089820359
BF55,0
BF56,0.118131868
BF57,0.03030303
